1|2|5|4|5|5|||-1
2|9|4|4|4|4|||-1
3|11|5|5|5|5|najbolji|/Resources/Images/Guest1/MladenovicTrem.jpg|0
4|12|5|5|4|4|...||-1
5|13|5|5|4|4|...||-1
6|14|5|5|4|4|...||-1
7|15|5|5|4|4|...||-1
8|16|5|5|4|4|...||-1
9|17|5|5|4|4|...||-1
10|18|5|5|4|4|...||-1
11|19|5|5|4|4|...||-1
12|20|5|5|4|4|...||-1
13|21|5|5|4|4|...||-1
14|22|5|5|4|4|...||-1
15|23|5|5|4|4|...||0
16|24|5|5|4|4|...||1
17|25|5|5|4|4|...||2
18|26|5|5|4|4|...||3
19|27|5|5|4|4|...||4
20|28|5|5|4|4|...||5
21|29|5|5|4|4|...||-1
22|30|5|5|4|4|...||-1
23|31|5|5|4|4|...||-1
24|32|5|5|4|4|...||-1
25|33|5|5|4|4|...||-1
26|34|5|5|4|4|...||-1
27|35|5|5|4|4|...||-1
28|36|5|5|4|4|...||-1
29|37|5|5|4|4|...||-1
30|38|5|5|4|4|...||-1
31|39|5|5|4|4|...||-1
32|40|5|5|4|4|...||-1
33|41|5|5|4|4|...||-1
34|42|5|5|4|4|...||-1
35|43|5|5|4|4|...||-1
36|44|5|5|4|4|...||-1
37|45|5|5|4|4|...||-1
38|46|5|5|4|4|...||-1
39|47|5|5|4|4|...||-1
40|48|5|5|4|4|...||-1
41|49|5|5|4|4|...||-1
42|50|5|5|4|4|...||-1
43|51|5|5|4|4|...||-1
44|52|5|5|4|4|...||-1
45|53|5|5|4|4|...||-1
46|54|5|5|4|4|...||-1
47|55|5|5|4|4|...||-1
48|56|5|5|4|4|...||-1
49|57|5|5|4|4|...||-1
50|58|5|5|4|4|...||-1
51|59|5|5|4|4|...||-1
52|60|5|5|5|5|...||-1
53|61|5|5|5|5|...||-1
